dataset,activation,N,L,batch_size,n_seeds,seeds,lambda_constraints_AtA_median,lambda_max_total_gn_median,eta_best_1_over_lambda_median,eta_max_2_over_lambda_median,alpha_cap_eta_best_median
fashion_mnist,linear,8,8,64,3,"0,1,2",5.071337420966187,5.0735071486275825,0.19710231417935553,0.39420462835871106,2.0017113652524285
fashion_mnist,linear,8,16,64,3,"0,1,2",4.748047928542725,4.76472993567804,0.20987548371043113,0.41975096742086226,2.0073230029068077
fashion_mnist,linear,8,32,64,3,"0,1,2",4.423592835328418,4.4216371846524725,0.2261605731630369,0.4523211463260738,1.9966671107366127
fashion_mnist,linear,8,64,64,3,"0,1,2",4.244836591046237,4.25556903788964,0.2349862006928938,0.4699724013857876,2.0029745657024494
fashion_mnist,linear,8,128,64,3,"0,1,2",4.102446167479974,4.1041877439143475,0.24365357103431512,0.48730714206863024,1.9984863418981687
fashion_mnist,linear,16,8,64,3,"0,1,2",5.015656213329368,5.021666897170295,0.19913706354427832,0.39827412708855664,2.004815998307233
fashion_mnist,linear,16,16,64,3,"0,1,2",4.645622893394343,4.6408254857280475,0.21547890630132607,0.43095781260265215,2.0018016634906983
fashion_mnist,linear,16,32,64,3,"0,1,2",4.381665128033603,4.3786677150233535,0.22837996968095273,0.45675993936190545,1.9992849274028655
fashion_mnist,linear,16,64,64,3,"0,1,2",4.194610412073805,4.195054181664832,0.23837594383659283,0.47675188767318566,1.9996258796116413
fashion_mnist,linear,16,128,64,3,"0,1,2",4.092387516872753,4.090597529413187,0.24446306262338502,0.48892612524677004,1.998087523659723
fashion_mnist,linear,32,8,64,3,"0,1,2",5.0910215575334234,5.085724771879676,0.19662880805687044,0.3932576161137409,1.9958383317816364
fashion_mnist,linear,32,16,64,3,"0,1,2",4.661343709103411,4.65884532336238,0.2146454605361915,0.429290921072383,2.001599810095146
fashion_mnist,linear,32,32,64,3,"0,1,2",4.363447971600353,4.369321043670481,0.22886851069198214,0.45773702138396427,2.0043062513580887
fashion_mnist,linear,32,64,64,3,"0,1,2",4.197390978228286,4.196165987322938,0.23831278434196979,0.47662556868393957,1.9989638130871157
fashion_mnist,linear,32,128,64,3,"0,1,2",4.087536419366309,4.087088049300995,0.24467297693061144,0.48934595386122287,1.9995612319800364
fashion_mnist,linear,64,8,64,3,"0,1,2",5.085867598353905,5.083376929714422,0.19671962434156515,0.3934392486831303,1.9991335382648971
fashion_mnist,linear,64,16,64,3,"0,1,2",4.655291482198955,4.646350698170315,0.21522266935076373,0.43044533870152746,1.993446935219997
fashion_mnist,linear,64,32,64,3,"0,1,2",4.361665244370605,4.364744341511537,0.22910849336336936,0.4582169867267387,2.001237020731118
fashion_mnist,linear,64,64,64,3,"0,1,2",4.189440986964506,4.189770408903005,0.23867656277180757,0.47735312554361514,2.000314525913624
fashion_mnist,linear,64,128,64,3,"0,1,2",4.087420644259479,4.086537263479586,0.24470595409388846,0.4894119081877769,1.9991355127286603
fashion_mnist,linear,128,8,64,3,"0,1,2",5.032982323933136,5.034021904722221,0.19864832114892841,0.39729664229785683,2.005096291587935
fashion_mnist,linear,128,16,64,3,"0,1,2",4.628104054379999,4.633783032605467,0.21580639252281167,0.43161278504562334,2.0019193189838944
fashion_mnist,linear,128,32,64,3,"0,1,2",4.360112977796535,4.357203920244474,0.22950498032781813,0.45900996065563626,1.997264250764228
fashion_mnist,linear,128,64,64,3,"0,1,2",4.187031148716487,4.187845197053105,0.23878628577380992,0.47757257154761984,2.0007776854842527
fashion_mnist,linear,128,128,64,3,"0,1,2",4.086643016816895,4.0872062175886095,0.24466590300647592,0.48933180601295184,1.9996978790017015
fashion_mnist,relu,8,8,64,3,"0,1,2",4.991835202211449,4.970891628409266,0.20117115293459129,0.40234230586918257,1.9832177362001815
fashion_mnist,relu,8,16,64,3,"0,1,2",4.5660427083963455,4.5624508884064445,0.21918044149057705,0.4383608829811541,1.9968534503776798
fashion_mnist,relu,8,32,64,3,"0,1,2",4.366920638418553,4.362099616407958,0.22924740100811045,0.4584948020162209,1.9955840534694578
fashion_mnist,relu,8,64,64,3,"0,1,2",4.171428878158071,4.1630456286105595,0.240208753208827,0.480417506417654,1.9919612681482768
fashion_mnist,relu,8,128,64,3,"0,1,2",4.036257784315048,4.037390602230742,0.24768472969830546,0.4953694593966109,2.001429008967266
fashion_mnist,relu,16,8,64,3,"0,1,2",4.696071649881989,4.69984537661021,0.21277295737785645,0.4255459147557129,1.993958198760538
fashion_mnist,relu,16,16,64,3,"0,1,2",4.491491097285774,4.50593825831658,0.22192936136093447,0.44385872272186894,2.012866249285932
fashion_mnist,relu,16,32,64,3,"0,1,2",4.27366675582747,4.286688491111248,0.23328030531576313,0.46656061063152626,2.003110310720646
fashion_mnist,relu,16,64,64,3,"0,1,2",4.110196118736337,4.110577747571884,0.24327480500537899,0.48654961001075797,2.003365417835494
fashion_mnist,relu,16,128,64,3,"0,1,2",4.042507588259282,4.043429793268,0.24731479242323512,0.49462958484647024,2.0014356984871977
fashion_mnist,relu,32,8,64,3,"0,1,2",4.735802490557913,4.723508579583589,0.211707035808572,0.423414071617144,1.9896161962000445
fashion_mnist,relu,32,16,64,3,"0,1,2",4.449461036211954,4.442905182980621,0.22507795210905848,0.45015590421811696,2.0054583983146763
fashion_mnist,relu,32,32,64,3,"0,1,2",4.244214014343705,4.2393449542354,0.23588549900873967,0.47177099801747935,1.995605569567826
fashion_mnist,relu,32,64,64,3,"0,1,2",4.1075035754043805,4.1029787898251096,0.24372536423534016,0.48745072847068033,1.9992096400189467
fashion_mnist,relu,32,128,64,3,"0,1,2",4.0323458739517495,4.031572225016909,0.24804218904841918,0.49608437809683836,1.9990523291355728
fashion_mnist,relu,64,8,64,3,"0,1,2",4.757517522200134,4.757465466042961,0.21019595562755677,0.42039191125511355,2.0016735481171803
fashion_mnist,relu,64,16,64,3,"0,1,2",4.447637108813403,4.453504121794022,0.22454228684920724,0.4490845736984145,2.005276521296212
fashion_mnist,relu,64,32,64,3,"0,1,2",4.238703088947476,4.2418004818166475,0.23574894771376123,0.47149789542752246,2.0029229628064753
fashion_mnist,relu,64,64,64,3,"0,1,2",4.1058612462250395,4.104426021195878,0.2436394260332257,0.4872788520664514,1.9986017793168434
fashion_mnist,relu,64,128,64,3,"0,1,2",4.037170344952659,4.036063459806729,0.24776617363887682,0.49553234727775364,2.000209893344862
fashion_mnist,relu,128,8,64,3,"0,1,2",4.74558130844383,4.747261638583015,0.2106477536170694,0.4212955072341388,2.000099291218884
fashion_mnist,relu,128,16,64,3,"0,1,2",4.442535662777803,4.447836873577346,0.22482838926502963,0.44965677853005925,2.0047731396679245
fashion_mnist,relu,128,32,64,3,"0,1,2",4.228508186190273,4.229273129723779,0.23644724975833178,0.47289449951666357,1.9996202220633115
fashion_mnist,relu,128,64,64,3,"0,1,2",4.105681370093114,4.106057479415632,0.24354262087493195,0.4870852417498639,2.0006414046377046
fashion_mnist,relu,128,128,64,3,"0,1,2",4.032512922091871,4.0325530975851125,0.24798185561371736,0.4959637112274347,2.00003985157049
fashion_mnist,tanh,8,8,64,3,"0,1,2",4.8356578482389345,4.787165118242283,0.20889189641471417,0.41778379282942835,1.9673927480839457
fashion_mnist,tanh,8,16,64,3,"0,1,2",4.528899123322405,4.592950889716798,0.21772494938687667,0.43544989877375334,2.049562948096864
fashion_mnist,tanh,8,32,64,3,"0,1,2",4.277150406856627,4.30010286725402,0.23255257626861955,0.4651051525372391,2.0214651889356965
fashion_mnist,tanh,8,64,64,3,"0,1,2",4.15038825945368,4.149168111198417,0.24101216754776583,0.48202433509553166,1.9999085833349612
fashion_mnist,tanh,8,128,64,3,"0,1,2",4.029676255621889,4.035658383703681,0.24779104297779064,0.4955820859555813,2.0027513737781986
fashion_mnist,tanh,16,8,64,3,"0,1,2",4.730933616074955,4.743655611421032,0.2108078836061278,0.4216157672122556,2.0107564353072727
fashion_mnist,tanh,16,16,64,3,"0,1,2",4.432565992355302,4.44544973059069,0.22494911889761146,0.4498982377952229,2.02087628094844
fashion_mnist,tanh,16,32,64,3,"0,1,2",4.237958981527306,4.237242967341901,0.2360025157177423,0.4720050314354846,2.002241849138665
fashion_mnist,tanh,16,64,64,3,"0,1,2",4.094971419278789,4.098586923585023,0.2439865296611308,0.4879730593222616,2.0024630436030035
fashion_mnist,tanh,16,128,64,3,"0,1,2",4.026143475021813,4.024520220906137,0.24847682335034857,0.49695364670069714,1.9992619798029891
fashion_mnist,tanh,32,8,64,3,"0,1,2",4.734215549561591,4.717840467320249,0.21196138507159054,0.4239227701431811,1.9830005627342584
fashion_mnist,tanh,32,16,64,3,"0,1,2",4.406027767016696,4.40339541374557,0.22709747956733925,0.4541949591346785,1.9980177482397097
fashion_mnist,tanh,32,32,64,3,"0,1,2",4.21468248610324,4.2075721195769535,0.2376667521270067,0.4753335042540134,2.002065474445275
fashion_mnist,tanh,32,64,64,3,"0,1,2",4.0926060791909835,4.094035422970771,0.24425777910694432,0.48851555821388865,2.00139700108159
fashion_mnist,tanh,32,128,64,3,"0,1,2",4.0288919473542215,4.029589805654535,0.24816421726021512,0.49632843452043024,1.999478398519254
fashion_mnist,tanh,64,8,64,3,"0,1,2",4.698759353218145,4.720935599462964,0.21182241929200565,0.4236448385840113,2.014618756250914
fashion_mnist,tanh,64,16,64,3,"0,1,2",4.401372370743465,4.404852351207938,0.22702236539796186,0.4540447307959237,2.0043140659647314
fashion_mnist,tanh,64,32,64,3,"0,1,2",4.20312990004497,4.206243617570118,0.2377418169082856,0.4754836338165712,1.9997717081319002
fashion_mnist,tanh,64,64,64,3,"0,1,2",4.0861009041240814,4.086277358957042,0.24472151842752893,0.48944303685505786,1.9994479132059557
fashion_mnist,tanh,64,128,64,3,"0,1,2",4.0258458182675545,4.025717773461476,0.24840290757396022,0.49680581514792044,1.9998727772380178
fashion_mnist,tanh,128,8,64,3,"0,1,2",4.689731178613951,4.6799047537932426,0.21367956242901345,0.4273591248580269,1.9910011791723323
fashion_mnist,tanh,128,16,64,3,"0,1,2",4.394981607206911,4.394734465096514,0.22754503325334327,0.45509006650668654,1.9983666856492528
fashion_mnist,tanh,128,32,64,3,"0,1,2",4.200895630212522,4.202130911194129,0.23797449939888418,0.47594899879776836,1.999708626199003
fashion_mnist,tanh,128,64,64,3,"0,1,2",4.087777552872574,4.086286560375734,0.24472096736848775,0.4894419347369755,1.9987766797957396
fashion_mnist,tanh,128,128,64,3,"0,1,2",4.024563889821786,4.023697892990447,0.24852760485375092,0.49705520970750183,1.9997178045451998
mnist,linear,8,8,64,3,"0,1,2",5.071337420966187,5.0735071486275825,0.19710231417935553,0.39420462835871106,2.0017113652524285
mnist,linear,8,16,64,3,"0,1,2",4.748047928542725,4.76472993567804,0.20987548371043113,0.41975096742086226,2.0073230029068077
mnist,linear,8,32,64,3,"0,1,2",4.423592835328418,4.4216371846524725,0.2261605731630369,0.4523211463260738,1.9966671107366127
mnist,linear,8,64,64,3,"0,1,2",4.244836591046237,4.25556903788964,0.2349862006928938,0.4699724013857876,2.0029745657024494
mnist,linear,8,128,64,3,"0,1,2",4.102446167479974,4.1041877439143475,0.24365357103431512,0.48730714206863024,1.9984863418981687
mnist,linear,16,8,64,3,"0,1,2",5.015656213329368,5.021666897170295,0.19913706354427832,0.39827412708855664,2.004815998307233
mnist,linear,16,16,64,3,"0,1,2",4.645622893394343,4.6408254857280475,0.21547890630132607,0.43095781260265215,2.0018016634906983
mnist,linear,16,32,64,3,"0,1,2",4.381665128033603,4.3786677150233535,0.22837996968095273,0.45675993936190545,1.9992849274028655
mnist,linear,16,64,64,3,"0,1,2",4.194610412073805,4.195054181664832,0.23837594383659283,0.47675188767318566,1.9996258796116413
mnist,linear,16,128,64,3,"0,1,2",4.092387516872753,4.090597529413187,0.24446306262338502,0.48892612524677004,1.998087523659723
mnist,linear,32,8,64,3,"0,1,2",5.0910215575334234,5.085724771879676,0.19662880805687044,0.3932576161137409,1.9958383317816364
mnist,linear,32,16,64,3,"0,1,2",4.661343709103411,4.65884532336238,0.2146454605361915,0.429290921072383,2.001599810095146
mnist,linear,32,32,64,3,"0,1,2",4.363447971600353,4.369321043670481,0.22886851069198214,0.45773702138396427,2.0043062513580887
mnist,linear,32,64,64,3,"0,1,2",4.197390978228286,4.196165987322938,0.23831278434196979,0.47662556868393957,1.9989638130871157
mnist,linear,32,128,64,3,"0,1,2",4.087536419366309,4.087088049300995,0.24467297693061144,0.48934595386122287,1.9995612319800364
mnist,linear,64,8,64,3,"0,1,2",5.085867598353905,5.083376929714422,0.19671962434156515,0.3934392486831303,1.9991335382648971
mnist,linear,64,16,64,3,"0,1,2",4.655291482198955,4.646350698170315,0.21522266935076373,0.43044533870152746,1.993446935219997
mnist,linear,64,32,64,3,"0,1,2",4.361665244370605,4.364744341511537,0.22910849336336936,0.4582169867267387,2.001237020731118
mnist,linear,64,64,64,3,"0,1,2",4.189440986964506,4.189770408903005,0.23867656277180757,0.47735312554361514,2.000314525913624
mnist,linear,64,128,64,3,"0,1,2",4.087420644259479,4.086537263479586,0.24470595409388846,0.4894119081877769,1.9991355127286603
mnist,linear,128,8,64,3,"0,1,2",5.032982323933136,5.034021904722221,0.19864832114892841,0.39729664229785683,2.005096291587935
mnist,linear,128,16,64,3,"0,1,2",4.628104054379999,4.633783032605467,0.21580639252281167,0.43161278504562334,2.0019193189838944
mnist,linear,128,32,64,3,"0,1,2",4.360112977796535,4.357203920244474,0.22950498032781813,0.45900996065563626,1.997264250764228
mnist,linear,128,64,64,3,"0,1,2",4.187031148716487,4.187845197053105,0.23878628577380992,0.47757257154761984,2.0007776854842527
mnist,linear,128,128,64,3,"0,1,2",4.086643016816895,4.0872062175886095,0.24466590300647592,0.48933180601295184,1.9996978790017015
mnist,relu,8,8,64,3,"0,1,2",4.931229683843002,4.942086202004303,0.20234369841514338,0.40468739683028676,2.0083004471396926
mnist,relu,8,16,64,3,"0,1,2",4.570918597823312,4.5566370428761624,0.21946009537086086,0.4389201907417217,1.9985125397329728
mnist,relu,8,32,64,3,"0,1,2",4.357469018947831,4.362021668026048,0.22925149760948607,0.45850299521897214,2.003319411521997
mnist,relu,8,64,64,3,"0,1,2",4.1778408348675935,4.16608773142837,0.24003335130370465,0.4800667026074093,1.9996105702538505
mnist,relu,8,128,64,3,"0,1,2",4.04299783790916,4.044917091897823,0.24722385583700876,0.4944477116740175,1.9985335310505823
mnist,relu,16,8,64,3,"0,1,2",4.799528779909219,4.762697481504818,0.2099650468843217,0.4199300937686434,1.998254365949153
mnist,relu,16,16,64,3,"0,1,2",4.510689759553745,4.506273302506991,0.2219128607764794,0.4438257215529588,2.006567021996217
mnist,relu,16,32,64,3,"0,1,2",4.279011005165851,4.291404173836341,0.23302396127047634,0.4660479225409527,2.0103538208413685
mnist,relu,16,64,64,3,"0,1,2",4.114323865525272,4.119717646288997,0.24273508183280246,0.4854701636656049,2.0043192880706044
mnist,relu,16,128,64,3,"0,1,2",4.042211010509059,4.043946292443712,0.24728320498928066,0.4945664099785613,2.0017171611577336
mnist,relu,32,8,64,3,"0,1,2",4.785244055532649,4.774067533070987,0.20946498830877153,0.41892997661754305,1.9788416550100294
mnist,relu,32,16,64,3,"0,1,2",4.432972012706595,4.430100083811638,0.22572853458868236,0.4514570691773647,1.9974085747559656
mnist,relu,32,32,64,3,"0,1,2",4.243249644292805,4.239539840370336,0.2358746556590083,0.4717493113180166,1.9934567020513514
mnist,relu,32,64,64,3,"0,1,2",4.111376758987814,4.112288784844912,0.24317358345194945,0.4863471669038989,1.9980766704220647
mnist,relu,32,128,64,3,"0,1,2",4.034315714354624,4.033130639160235,0.24794634477999866,0.4958926895599973,1.9995015995431888
mnist,relu,64,8,64,3,"0,1,2",4.744566501837649,4.770589308460764,0.20961770870246033,0.41923541740492065,2.0058428824488903
mnist,relu,64,16,64,3,"0,1,2",4.452568287276457,4.448516115705584,0.224794060309117,0.449588120618234,1.9961527318639902
mnist,relu,64,32,64,3,"0,1,2",4.243282942312265,4.243626118147385,0.23564752694013583,0.47129505388027165,2.0003235003084034
mnist,relu,64,64,64,3,"0,1,2",4.108117061297357,4.1061561999451,0.2435367656041361,0.4870735312082722,1.9994636076809855
mnist,relu,64,128,64,3,"0,1,2",4.033771909043051,4.0339079591912705,0.24789856638188712,0.49579713276377424,2.0000563807518805
mnist,relu,128,8,64,3,"0,1,2",4.738985290594441,4.741872695454657,0.21088714611814743,0.42177429223629487,2.00243715030384
mnist,relu,128,16,64,3,"0,1,2",4.438626199894477,4.4374756227929675,0.22535335064457107,0.45070670128914214,2.0006429086623587
mnist,relu,128,32,64,3,"0,1,2",4.223504286098356,4.223723001810895,0.23675795017127216,0.4735159003425443,1.9995274774407217
mnist,relu,128,64,64,3,"0,1,2",4.10312819907209,4.103858796876927,0.24367310121903046,0.4873462024380609,2.0007005821627883
mnist,relu,128,128,64,3,"0,1,2",4.032790713860017,4.03211022585944,0.24800909300212673,0.49601818600425346,1.9997818494809882
mnist,tanh,8,8,64,3,"0,1,2",4.847643634048718,4.854271691498313,0.20600412658223946,0.4120082531644789,2.0081618576371856
mnist,tanh,8,16,64,3,"0,1,2",4.503437018881969,4.570157040127575,0.218810861688045,0.43762172337609,2.0010016922581935
mnist,tanh,8,32,64,3,"0,1,2",4.268032936837771,4.250075546219246,0.23528993523175687,0.47057987046351374,1.9927554162057
mnist,tanh,8,64,64,3,"0,1,2",4.140918210726256,4.140928239126419,0.24149174828756817,0.48298349657513634,2.0000096871270117
mnist,tanh,8,128,64,3,"0,1,2",4.039454714390245,4.038118717387607,0.2476400695438031,0.4952801390876062,1.9995188994442614
mnist,tanh,16,8,64,3,"0,1,2",4.708010541826072,4.723803074979511,0.2116938373863812,0.4233876747727624,2.0100302180826457
mnist,tanh,16,16,64,3,"0,1,2",4.427989758787181,4.42443007847456,0.22601781071535806,0.45203562143071613,2.0026984787863578
mnist,tanh,16,32,64,3,"0,1,2",4.2355621079472,4.225258979456299,0.23667188327676866,0.4733437665535373,1.9996227582891497
mnist,tanh,16,64,64,3,"0,1,2",4.092366079340253,4.09081711866189,0.2444499401936357,0.4888998803872714,1.998485999885315
mnist,tanh,16,128,64,3,"0,1,2",4.023045894970354,4.023280901559561,0.2485533634035759,0.4971067268071518,2.00015831263402
mnist,tanh,32,8,64,3,"0,1,2",4.745537097292934,4.723405693648465,0.21171164724315208,0.42342329448630417,1.9851011819289783
mnist,tanh,32,16,64,3,"0,1,2",4.387447927527848,4.384609694510337,0.22807047141551276,0.4561409428310255,1.997412406424516
mnist,tanh,32,32,64,3,"0,1,2",4.2135013823273155,4.212272443591677,0.23740154830710106,0.4748030966142021,1.9998925567208188
mnist,tanh,32,64,64,3,"0,1,2",4.088065720588381,4.087510896182469,0.24464766587752712,0.48929533175505424,2.001439102379651
mnist,tanh,32,128,64,3,"0,1,2",4.025608986429262,4.02619589441792,0.24837340909975103,0.49674681819950206,2.0004914229886284
mnist,tanh,64,8,64,3,"0,1,2",4.68003767952591,4.687604438579576,0.21332858032343213,0.42665716064686426,2.005603525380293
mnist,tanh,64,16,64,3,"0,1,2",4.386369765635258,4.3809835017955985,0.22825924808667689,0.45651849617335377,1.9992830563107464
mnist,tanh,64,32,64,3,"0,1,2",4.200579840787883,4.201538568702415,0.23800804958666263,0.47601609917332527,2.00091294816513
mnist,tanh,64,64,64,3,"0,1,2",4.085253135457013,4.084372091426771,0.24483567550053342,0.48967135100106685,1.9990592008074484
mnist,tanh,64,128,64,3,"0,1,2",4.0246039113146805,4.024029314845905,0.24850713594721752,0.49701427189443503,1.9998148422566286
mnist,tanh,128,8,64,3,"0,1,2",4.652604045077454,4.660985986897856,0.21454687973982847,0.42909375947965694,1.996751908854935
mnist,tanh,128,16,64,3,"0,1,2",4.38671381933618,4.387602610867791,0.22791489765346307,0.45582979530692613,2.0027196138793455
mnist,tanh,128,32,64,3,"0,1,2",4.190540069756964,4.192626972514831,0.2385139452080035,0.477027890416007,2.001122288393236
mnist,tanh,128,64,64,3,"0,1,2",4.0849253812856645,4.085081240790857,0.24479317327025876,0.4895863465405175,2.000152619194375
mnist,tanh,128,128,64,3,"0,1,2",4.0231291159560145,4.02248020361946,0.248602839387548,0.497205678775096,1.9995401377570832
